id,query_id,click_order,click_time,clicked_rank,clicked_url,created_at,ip_address,device_type
020f8281-11d6-4ece-aff6-e764fc61516e,a95cf3d4-a4b1-4a47-8aed-06c8ccc75723,1,2025-11-09 09:26:27.684+00,3,https://designbydelta.com/products/smartphone-holder-xl,2025-11-09 09:26:27.766152+00,46.244.8.115,desktop
04e3fa67-fd58-423c-9833-142e1212393b,330f3c5d-8940-4967-a16d-4bb05c072ef4,1,2025-11-10 20:30:06.42+00,1,https://www.apple.com/iphone/,2025-11-10 20:30:06.536352+00,91.49.150.27,mobile
060087c1-cda9-4a24-8aaa-6687461dceca,8994a003-03db-43ac-81f5-6b8cfedb13fe,1,2025-11-09 15:06:30.735+00,1,https://www.amazon.com/SAMSUNG-Unlocked-Smartphone-High-Res-Manufacturer/dp/B0DCLGFD1D,2025-11-09 15:06:30.825569+00,77.38.136.74,desktop
075d7573-d78d-401d-b775-523a424ee561,ef0abb8a-b91f-4e3e-a846-caa70cd8d61a,1,2025-10-29 10:01:16.183+00,3,https://www.amazon.com/SAMSUNG-Galaxy-S23-Factory-Unlocked/dp/B0C5B736X3,2025-10-29 10:01:16.324085+00,93.44.19.47,mobile
090d8139-e3a5-4bbb-a9e9-24d90affd9c0,3cad32b8-dfb5-47eb-8422-ead29fd22d7d,1,2025-11-09 03:44:39.169+00,1,https://www.amazon.com/Cheap-SmartPhones/s?k=Cheap+SmartPhones,2025-11-09 03:44:40.146321+00,174.112.73.50,desktop
0bcd135b-bb9d-41e5-91c4-bd5386c40eb6,182b280d-8bc5-4cd2-9c99-3ba8909bfa2f,2,2025-10-29 09:55:22.786+00,2,https://www.bestbuy.com/site/iphone/shop-iphone-16-models/pcmcat1725981758432.c?id=pcmcat1725981758432,2025-10-29 09:55:22.912162+00,37.159.107.233,mobile
0ca554ed-51f6-4d64-a842-93fa56cc3c8c,c8e8d515-bbed-43b0-b0e8-4353bdb46834,1,2025-10-31 09:33:45.185+00,2,https://www.reepeat.fr/articles/avis-samsung-galaxy-s21,2025-10-31 09:33:45.448916+00,86.202.112.51,desktop
0cb648ef-4584-4726-ae2e-bd2ce6c9093c,345e1d8c-3b82-4138-864c-f5f9008154bb,1,2025-10-24 16:36:29.024+00,1,https://www.apple.com/iphone-17-pro/,2025-10-24 16:36:29.161415+00,94.134.181.60,desktop
0d6e73ea-5900-4acd-ace4-2102779f9d0e,15c44ea2-5fce-41ee-a446-6647422db9a7,1,2025-10-31 22:14:44.182+00,11,https://shop.fairphone.com/fairphone-5,2025-10-31 22:14:44.323807+00,129.67.117.187,desktop
1293cf9f-ba39-40d8-b192-5d21f52febee,b3f091c7-5a9f-4020-94ff-8ff6f7df8c98,1,2025-11-09 04:59:27.378+00,1,https://www.apple.com/shop/buy-iphone/iphone-16,2025-11-09 04:59:27.494694+00,46.135.59.69,desktop
14454254-7aed-4511-94f3-2c9e29d51ae0,3def15ce-0dad-4b6e-b35d-ec0b6878525a,1,2025-10-31 22:13:09.893+00,1,https://www.reddit.com/r/Anticonsumption/comments/103guyi/sustainable_smartphone/,2025-10-31 22:13:10.043782+00,129.67.117.187,desktop
146ac01f-a74d-4f96-85de-8c1aafe35048,c104e94c-0a07-411b-8d9e-1120984c0b36,1,2025-10-24 19:15:38.069+00,9,https://www.amazon.de/-/en/Mobile-Phones-Smartphones/b?ie=UTF8&node=3468301,2025-10-24 19:15:38.139474+00,46.5.2.111,mobile
1c3007f2-e75c-41fb-94ca-d7ecdfe41b46,a761eba6-1f79-406e-9f31-24439fd59744,5,2025-11-13 10:24:21.548+00,4,https://www.techradar.com/news/best-phone,2025-11-13 10:24:21.679673+00,195.176.44.46,desktop
1c8d27ee-3d41-4152-8e44-854e6d4a71bc,4cf23b98-ac82-4047-813b-62199580f7ac,1,2025-11-09 11:25:51.582+00,1,https://www.amazon.com/Apple-iPhone-15-256GB-Black/dp/B0CMPLKVDB,2025-11-09 11:25:51.657438+00,84.15.183.238,desktop
1ca9c3ec-4d82-40af-b91b-30fbe51ec00a,a761eba6-1f79-406e-9f31-24439fd59744,6,2025-11-13 10:24:43.065+00,5,https://www.cnet.com/tech/mobile/best-phone/,2025-11-13 10:24:43.155728+00,195.176.44.46,desktop
20372e93-2591-4f7c-85df-d5454d03d8de,af9d20e6-ea73-4543-bebb-cb1839708ced,1,2025-11-09 14:36:15.779+00,3,https://www.bestbuy.com/site/mobile-cell-phones/iphone/pcmcat305200050000.c?id=pcmcat305200050000,2025-11-09 14:36:15.869339+00,82.151.171.206,desktop
20914ade-eb3d-4a2b-99cc-9086685833ea,0744ba2a-a874-4126-a596-2ccf4c5a1574,2,2025-10-31 22:14:03.456+00,5,https://www.ethicalconsumer.org/technology/shopping-guide/ethical-mobile-phones,2025-10-31 22:14:03.581019+00,129.67.117.187,desktop
22b561f9-1508-4b52-9949-1cda241df54c,5c605c30-0087-4f9d-917d-6a5d31502d1d,1,2025-11-09 04:59:01.387+00,2,https://www.amazon.com/Apple-iPhone-15-128GB-Black/dp/B0CMPMY9ZZ,2025-11-09 04:59:01.457614+00,46.135.59.69,desktop
234bc462-7578-47fb-a28a-4dcd8cd5a5c7,6af15622-1c78-49ea-baec-c6cb7bbb5d5c,1,2025-11-09 11:23:02.784+00,3,https://www.apple.com/in/iphone/compare/,2025-11-09 11:23:02.905536+00,84.15.183.238,desktop
25ebe15a-82a1-493c-9f5c-f32bd1fbaf43,01dfe28b-a6a7-4b30-8a13-43e10bd5d085,2,2025-11-13 10:26:37.348+00,2,https://www.amazon.com/Apple-iPhone-15-128GB-Black/dp/B0CMPMY9ZZ,2025-11-13 10:26:37.477468+00,195.176.44.46,desktop
2f2b9bcc-e55b-4b1d-9580-2855b2bf3409,345e1d8c-3b82-4138-864c-f5f9008154bb,2,2025-10-24 16:38:43.285+00,1,https://www.apple.com/iphone-17-pro/,2025-10-24 16:38:43.428347+00,94.134.181.60,desktop
30028576-8136-47a7-a16b-067d6ed68cef,01dfe28b-a6a7-4b30-8a13-43e10bd5d085,3,2025-11-13 10:27:55.571+00,3,https://www.apple.com/newsroom/2023/09/apple-debuts-iphone-15-and-iphone-15-plus/,2025-11-13 10:27:55.691766+00,195.176.44.46,desktop
32510f28-738e-4d1d-aa32-3970d1d3625f,8355b34b-1bc2-4de9-9fcb-4725dd6025e4,1,2025-10-23 18:32:43.32+00,1,https://www.reddit.com/r/NoContract/comments/1nfpj0d/can_i_still_buy_the_iphone_16_pro_max_at_an_apple/,2025-10-23 18:32:43.482156+00,91.38.175.119,mobile
338c81c8-01d2-4429-8663-d90cb30feee2,546d9c9e-954b-48e5-820b-0c4cce2b2c23,3,2025-11-11 05:10:45.051+00,3,https://www.amazon.com/Apple-iPhone-Version-256GB-Titanium/dp/B0DPDJ3PJF,2025-11-11 05:10:45.392098+00,50.7.253.114,desktop
3462f144-a3fa-4990-9f80-6841f27bca04,f6409318-d4f1-4938-abd4-fc0424e88714,2,2025-10-24 09:01:45.584+00,2,https://www.bestbuy.com/site/iphone/shop-iphone-16-models/pcmcat1725981758432.c?id=pcmcat1725981758432,2025-10-24 09:01:46.610972+00,104.30.161.158,desktop
374c6b41-abd3-4095-8d7f-a4e3f1ed4a1b,9f3baf7d-96bf-4b10-a61e-8ac16cb33ddb,1,2025-10-31 22:17:27.314+00,1,https://www.ebay.com/shop/fairphone-5?_nkw=fairphone+5,2025-10-31 22:17:27.447099+00,129.67.117.187,desktop
388ec5f0-7c70-4092-b798-3a606cf4f66b,a8c1b7e2-3e95-4109-b233-40125358414f,1,2025-11-09 22:00:05.757+00,5,https://www.apple.com/shop/buy-iphone/iphone-17,2025-11-09 22:00:05.865344+00,90.64.78.67,desktop
38a430f0-11e7-4a54-a5cc-6fa12dc5d4a6,37922057-b424-446e-94fd-48972fca1829,1,2025-10-24 11:10:59.469+00,1,https://www.apple.com/shop/buy-iphone/iphone-16,2025-10-24 11:10:59.560329+00,91.38.166.12,desktop
3af1762f-a4cb-4aad-9f30-80c27e9cb925,8e59fee6-c792-4e80-896d-d51bf13ff81f,1,2025-11-06 20:13:15.251+00,1,https://www.apple.com/iphone-17-pro/,2025-11-06 20:13:15.391989+00,81.106.246.220,desktop
3b14bc00-0792-482a-8db3-6ce81565fb16,a761eba6-1f79-406e-9f31-24439fd59744,2,2025-11-13 10:22:17.069+00,1,https://www.reddit.com/r/Smartphones/comments/1lrsvyg/what_phone_is_everyone_using_in_2025_and_what/,2025-11-13 10:22:17.161554+00,195.176.44.46,desktop
3b34d983-a9c8-4281-84d1-b4c43d98f84d,21adb171-f4b2-4ec0-acbc-eba24e6fefbb,1,2025-11-11 05:12:06.448+00,2,https://www.bestbuy.com/product/apple-iphone-16-pro-max-256gb-apple-intelligence-white-titanium-verizon/JCQ6HRFWVS,2025-11-11 05:12:07.485287+00,50.7.253.114,desktop
40acb295-620d-4193-a499-21e6f06018fd,d42ba008-c35b-41ce-a09b-eeadc8370c42,1,2025-10-29 09:55:47.502+00,1,https://www.amazon.com/Apple-iPhone-15-Plus-128GB/dp/B0CMT4XDSC,2025-10-29 09:55:47.595071+00,172.225.188.246,mobile
438901f9-c407-4cd8-a046-90e851eb23ee,47ca9ac6-6229-4238-8c5f-efb333973c54,1,2025-11-09 11:36:32.453+00,2,https://store.google.com/us/category/phones,2025-11-09 11:36:33.898761+00,49.36.114.43,desktop
4583324f-0d5f-4f77-b221-8167f5baefbf,5f879384-f99b-4125-8fd6-3a0a2e9df07c,1,2025-11-09 06:57:08.172+00,2,https://www.wired.com/story/best-cheap-phones/,2025-11-09 06:57:08.493637+00,103.252.200.128,desktop
465275e5-4122-4710-a10d-e35b947a5494,af9d20e6-ea73-4543-bebb-cb1839708ced,2,2025-11-09 14:36:26.841+00,7,https://www.wired.com/gallery/iphone-buying-guide/,2025-11-09 14:36:26.92814+00,82.151.171.206,desktop
486c54d2-bfdb-4155-b48c-26fab4c633bb,88309af9-9ed1-4dcb-90bd-2cfb547586d5,1,2025-10-26 15:29:29.878+00,1,https://www.amazon.com/SAMSUNG-Galaxy-S24-Version-128GB/dp/B0D364RMMP,2025-10-26 15:29:29.991846+00,84.176.238.16,mobile
4aae120a-94b1-4cf1-ba6c-ab6c5bdef4ab,b10a18f1-0141-4105-8ad0-80fb68cc8e54,1,2025-10-29 10:02:04.355+00,3,https://www.amazon.com/SAMSUNG-Galaxy-S23-Factory-Unlocked/dp/B0C5B736X3,2025-10-29 10:02:04.564404+00,93.44.19.47,mobile
4cdb312b-70da-4e02-a2a0-c51fb8e0368d,51936720-186e-4eb2-a1c1-e8f874392f83,2,2025-11-09 09:57:52.494+00,9,https://www.nativeunion.com/products/pop-phone,2025-11-09 09:57:52.848155+00,49.228.198.178,desktop
4d1e92b2-c317-4369-8aea-d4200620992e,07e24f82-f867-4794-afbd-b704031ee17d,1,2025-10-25 18:13:37.493+00,4,https://www.cnet.com/tech/mobile/best-phone/,2025-10-25 18:13:37.643627+00,46.128.86.15,mobile
4e9ecff2-f277-4543-b872-8b2cd49cd657,bc2d3697-b975-4e8f-8eec-b0ec8f78337d,1,2025-11-13 10:25:38.216+00,4,https://www.reddit.com/r/Smartphones/comments/1kp604b/phone_under_500_coming_out_thats_worth_waiting_for/,2025-11-13 10:25:38.291402+00,195.176.44.46,desktop
4efccd9e-2d11-49e3-89e3-e5294485ca2e,26404209-dd1c-498c-b5fe-67df2ca410e0,1,2025-10-31 09:29:15.801+00,1,https://www.ldlc.com/telephonie/telephonie-portable/mobile-smartphone/c4416/,2025-10-31 09:29:15.939525+00,86.202.112.51,desktop
5089b2f8-da42-4db4-91ed-763129ace369,f6409318-d4f1-4938-abd4-fc0424e88714,3,2025-10-24 09:01:58.637+00,3,https://www.apple.com/iphone/,2025-10-24 09:01:59.13602+00,104.30.161.158,desktop
599a1b8a-e5b4-4a02-a577-d26eccf04962,b181b232-4df3-4f8d-96a6-be9346d47583,1,2025-10-25 12:43:39.77+00,1,https://www.apple.com/iphone/,2025-10-25 12:43:39.914065+00,146.52.229.17,mobile
5dea75af-d815-471b-a1f8-cf97b6ae9bcc,8c2a152a-9a2d-473c-9f10-910ee3460049,1,2025-11-09 05:02:51.039+00,1,https://www.samsung.com/us/smartphones/galaxy-s25-fe/buy/galaxy-s25-fe-256gb-unlocked-sku-sm-s731uzwexaa/,2025-11-09 05:02:51.146374+00,46.135.59.69,desktop
5e42bed6-1b4c-43ab-b5f1-02a9807a682d,511fdc5c-5213-4abe-9e05-e9324ac4ebe0,1,2025-10-25 18:20:33.661+00,4,https://nanoreview.net/en/phone-compare/xiaomi-17-pro-vs-apple-iphone-17-pro,2025-10-25 18:20:34.053752+00,46.128.86.15,mobile
66f4cbb2-ba85-4743-b97b-fbf3efae8990,c48a9796-0cdc-4da6-a6e5-fbf0481d388f,1,2025-10-25 18:14:40.125+00,5,https://www.reddit.com/r/PickAnAndroidForMe/comments/1db4f9p/what_phone_under_1000_to_get/,2025-10-25 18:14:40.259241+00,46.128.86.15,mobile
671f5a5e-c2d3-47d3-825f-9ed0c647c416,0a84377b-04c0-4980-be46-d20e9bfadd35,1,2025-11-09 11:20:32.945+00,1,https://www.apple.com/shop/buy-iphone/iphone-16,2025-11-09 11:20:33.010111+00,84.15.183.238,desktop
6966cf5a-ef4a-40e0-ac6f-b993846fc514,1af1986f-339f-429f-8dbb-9d26f7817c0a,1,2025-11-09 15:04:45.896+00,3,https://www.samsung.com/us/smartphones/galaxy-s24-fe/,2025-11-09 15:04:45.974921+00,77.38.136.74,desktop
6cfa5769-83f7-448a-a6e9-5f85216f2f86,8157fd93-2fa9-4b1c-a01a-30479f5e9e7f,1,2025-10-31 22:17:39.338+00,1,https://www.ebay.co.uk/b/bn_21824712,2025-10-31 22:17:39.490438+00,129.67.117.187,desktop
6dbafa06-32e6-4321-aa24-711fee80463f,97a4d6e0-00a1-4a8d-b4d1-ee8038cb4787,1,2025-11-09 11:39:46.994+00,7,https://www.optimum.com/mobile/shop/phones,2025-11-09 11:39:47.373457+00,49.36.114.43,desktop
6e968ce8-e951-44b6-8a48-2d4bf651aff0,cc914d2e-c020-430b-a2cf-eef93d9af292,1,2025-11-08 23:05:58.07+00,2,https://www.cnet.com/tech/mobile/best-iphone/,2025-11-08 23:05:58.16051+00,87.103.17.3,mobile
70ccde2a-ddc0-4d36-9e31-03e7b279de6f,6ca70e54-ecff-4a03-8aea-6e7f438a14bc,3,2025-11-01 18:38:21.653+00,1,https://www.amazon.com/SAMSUNG-Galaxy-S24-Version-128GB/dp/B0D364RMMP,2025-11-01 18:38:21.756146+00,94.31.71.164,mobile
74bf3c47-1114-41c2-aedc-73fd42cc4278,f6409318-d4f1-4938-abd4-fc0424e88714,1,2025-10-24 09:00:13.421+00,1,https://www.apple.com/shop/buy-iphone/iphone-16,2025-10-24 09:00:13.949447+00,104.30.161.158,desktop
76796aa5-6cdf-489b-9c56-584b599a4c6b,52acfd2c-4aeb-4339-a2e5-f0b6cbc34f9e,1,2025-10-24 10:10:34.456+00,1,https://www.dienmayxanh.com/dien-thoai/samsung-galaxy-s25-ultra/danh-gia,2025-10-24 10:10:35.60762+00,104.30.161.158,desktop
792fd4fb-b8b6-4500-9c28-3dcc13940f0c,6ca70e54-ecff-4a03-8aea-6e7f438a14bc,1,2025-11-01 18:36:48.844+00,2,https://www.amazon.com/SAMSUNG-Galaxy-Ultra-Version-Titanium/dp/B0D3264WQ8,2025-11-01 18:36:48.943254+00,94.31.71.164,mobile
798a7a81-50f7-4019-a551-4aae30c485d9,91ba4e35-4487-487b-a71b-dababc3e1a90,1,2025-10-24 14:22:36.135+00,5,https://www.mediamarkt.de/de/content/handy-gadgets/smartphones/handys-bis-300-euro-in-tests,2025-10-24 14:22:36.204224+00,213.146.69.174,desktop
7cd72692-9b93-4152-abed-9982be33c8b8,41e6ba78-b850-40c3-a201-2a789f4b19f2,1,2025-11-09 03:54:29.615+00,2,https://www.nike.com/w/sale-shoes-3yaepzy7ok,2025-11-09 03:54:29.941792+00,37.140.223.28,desktop
7d250615-680e-424a-8f8f-c7b54b8767a9,da12ca92-fe7b-439c-bf94-b5bfaebdde64,1,2025-11-09 15:02:25.154+00,10,https://www.accio.com/business/best-selling-smartphones-under-700-2025,2025-11-09 15:02:25.228807+00,77.38.136.74,desktop
820405a2-0b7f-41af-b712-e219989788cd,9cdc7379-6a12-4a6b-9ed1-7bfebd65162c,1,2025-11-10 13:22:44.466+00,3,https://www.reddit.com/r/Smartphones/comments/1hm85j1/what_is_a_phone_i_can_get_for_300_and_will_last/,2025-11-10 13:22:44.54948+00,130.159.237.31,desktop
852d0eae-f16c-4261-9497-777d226dd18d,d2ce6c9f-2c31-4e42-a041-bb37022f375d,1,2025-11-09 11:12:02.73+00,2,https://www.cnet.com/tech/mobile/best-phone/,2025-11-09 11:12:02.880844+00,78.80.96.150,desktop
858fc58c-fb88-440b-b0ef-b0668d1b27fd,546d9c9e-954b-48e5-820b-0c4cce2b2c23,4,2025-11-11 05:11:13.596+00,5,https://www.cspire.com/buy/devices/details/prod31720087/iphone-16-pro,2025-11-11 05:11:13.950214+00,50.7.253.114,desktop
87d5b9e2-1e2d-4609-a06c-0c07aa1751c9,a06e9e84-5208-480f-a989-75874b83a679,1,2025-11-09 15:53:02.031+00,1,https://www.apple.com/iphone/,2025-11-09 15:53:02.182201+00,188.69.11.179,desktop
8b8a44e9-a8e9-4cdb-9953-86dff540f2a6,304e138b-0168-4b07-b903-1a238d2132f1,1,2025-10-24 11:09:35.727+00,2,https://www.apple.com/iphone/buy/,2025-10-24 11:09:35.856237+00,91.38.166.12,desktop
8c733986-35f0-464e-bc21-723f04f155d0,464b5aaa-0f2a-42a2-ae68-7acef07aaa75,1,2025-11-10 03:27:07.531+00,4,https://www.apple.com/iphone/,2025-11-10 03:27:07.94923+00,108.2.105.241,desktop
8dc96d7b-7a96-424f-b1b2-892c54961751,f61ae064-3012-42b2-82a3-bea193413f15,1,2025-11-09 14:38:37.827+00,1,https://www.reddit.com/r/de_EDV/comments/1iw7aoc/welches_iphone_f%C3%BCr_700/?tl=en,2025-11-09 14:38:37.9684+00,82.151.171.206,desktop
8fd8fb08-3f15-41ba-b668-5cb3aab328db,c72c802b-b602-4ac6-8bff-ecf5a931d495,1,2025-11-09 14:59:41.077+00,10,https://www.accio.com/business/best-selling-smartphones-under-700-2025,2025-11-09 14:59:41.19216+00,77.38.136.74,desktop
8fe92c9e-800f-4504-b1e4-d64790d9d6d1,546d9c9e-954b-48e5-820b-0c4cce2b2c23,1,2025-11-11 05:09:35.904+00,1,https://www.amazon.com/Apple-iPhone-Version-256GB-Titanium/dp/B0DHJ8MZP2,2025-11-11 05:09:36.246818+00,66.90.98.10,desktop
905999de-36de-4da8-9419-85c834d2d46e,60b9e81d-e1ae-46e9-9993-55a6e274c413,1,2025-10-26 13:39:57.301+00,1,https://www.samsung.com/us/smartphones/galaxy-z-flip7/,2025-10-26 13:39:57.414601+00,109.192.255.38,mobile
906880ee-1cf5-45b0-91f9-65bf934ae2a8,0744ba2a-a874-4126-a596-2ccf4c5a1574,1,2025-10-31 22:13:30.487+00,1,https://www.asus.com/content/eco-friendly-smartphones-the-future-of-sustainable-tech-in-your-pocket/,2025-10-31 22:13:30.580766+00,129.67.117.187,desktop
90bd2465-de94-40b3-be59-e5e6702065a1,6ca70e54-ecff-4a03-8aea-6e7f438a14bc,4,2025-11-01 18:38:42.106+00,7,https://www.amazon.com/Smartphone-Unlocked-Processor-ProScaler-Manufacturer/dp/B0DP3FP5P3,2025-11-01 18:38:42.170402+00,94.31.71.164,mobile
910b6900-561b-41e0-9ff4-3e23703ddeac,5a464179-37ba-4c29-b976-d68b8a59af17,1,2025-10-29 08:46:42.408+00,1,https://www.reddit.com/r/Smartphones/comments/1kpq8do/best_phone_for_150_euros/,2025-10-29 08:46:42.486173+00,195.176.44.39,mobile
91c742d1-e96e-4273-a696-8c9db55586fa,b7500a8b-9f16-43db-8621-0cfb7152f444,1,2025-10-25 18:22:07.074+00,1,https://www.apple.com/iphone-17/,2025-10-25 18:22:07.190158+00,46.128.86.15,mobile
9233810b-d72e-422a-91a2-eed67411cd06,aa9f8062-4b5a-4d00-a7ce-92133812f1d7,1,2025-11-09 11:21:08.58+00,7,https://www.att.com/buy/phones/apple-iphone-15.html,2025-11-09 11:21:08.668308+00,84.15.183.238,desktop
923b089b-c3a6-4362-94a9-f311085b219f,a3e8c727-1054-4f28-baf9-f49f8f5c8a39,1,2025-10-29 09:57:30.113+00,5,https://www.t-mobile.com/cell-phone/apple-iphone-16,2025-10-29 09:57:30.259121+00,37.159.107.233,mobile
941b9515-9219-433c-9b39-ff516282a215,a761eba6-1f79-406e-9f31-24439fd59744,4,2025-11-13 10:23:25.381+00,3,https://www.reddit.com/r/Smartphones/comments/1nldka1/what_is_the_best_smartphone_to_get_in_2025/,2025-11-13 10:23:25.742914+00,195.176.44.46,desktop
94988bb0-2831-4734-b583-57ad67ba2c73,8355b34b-1bc2-4de9-9fcb-4725dd6025e4,2,2025-10-23 18:33:29.819+00,3,https://www.bestbuy.com/site/searchpage.jsp?id=pcat17071&st=iphone+16+pro+max,2025-10-23 18:33:29.91727+00,91.38.175.119,mobile
956ed6c9-4441-4b58-8fd5-947399856d6b,9fb01c3d-db91-4f4f-82bc-4cc36e878cd5,1,2025-11-09 11:12:20.524+00,2,https://www.wired.com/story/best-cheap-phones/,2025-11-09 11:12:20.604482+00,78.80.96.150,desktop
9573c8f8-d95c-47f4-be7b-5a0e1532f486,88309af9-9ed1-4dcb-90bd-2cfb547586d5,2,2025-10-26 15:30:04.398+00,2,https://www.samsung.com/in/smartphones/galaxy-s24/,2025-10-26 15:30:04.491187+00,84.176.238.16,mobile
97b177c6-62e9-4896-8ba5-92a7301c1482,c2d7510d-4c73-4196-9adb-d2d1ad186ab3,1,2025-10-24 19:19:41.584+00,1,https://www.apple.com/iphone/,2025-10-24 19:19:41.664095+00,46.128.11.182,mobile
98586366-479f-4c7c-99ae-6e8111921a6c,5a464179-37ba-4c29-b976-d68b8a59af17,2,2025-10-29 08:47:51.781+00,2,https://www.kimovil.com/en/best-smartphones-under-150-euros,2025-10-29 08:47:51.907061+00,195.176.44.39,mobile
990cd5a6-7e3b-4d63-88d6-92c85f565275,a761eba6-1f79-406e-9f31-24439fd59744,7,2025-11-13 10:25:06.911+00,6,https://www.tomsguide.com/best-picks/best-phones,2025-11-13 10:25:06.9843+00,195.176.44.46,desktop
9af706f7-66f3-4fe1-883d-e592e6aa6279,c878b1b9-cf2f-4b8e-85d1-52ac9e10f9f6,1,2025-10-25 18:15:49.183+00,1,https://www.phonearena.com/phones/compare,2025-10-25 18:15:49.256179+00,46.128.86.15,mobile
9c58bde8-371b-4ce9-83e6-70deea9f75cc,ec87f583-eedb-41a2-946d-440992ab1f08,1,2025-11-09 09:19:06.432+00,4,https://www.amazon.com/smartphone/s?k=smartphone,2025-11-09 09:19:06.826106+00,103.44.0.245,desktop
9ceffce4-4852-41eb-8545-98d5e9a3c7b8,546d9c9e-954b-48e5-820b-0c4cce2b2c23,2,2025-11-11 05:10:02.888+00,2,https://www.bestbuy.com/product/apple-iphone-16-pro-max-256gb-apple-intelligence-white-titanium-verizon/JCQ6HRFWVS,2025-11-11 05:10:03.309624+00,66.90.98.10,desktop
9d657512-ef7a-4240-bff0-fce1aa2b47af,17f4aa90-be5b-434e-b0fc-e92b4e9d4f2a,1,2025-11-13 10:28:16.044+00,1,https://www.amazon.com/iphone-15/s?k=iphone+15,2025-11-13 10:28:16.18667+00,195.176.44.46,desktop
a13fc785-1620-4ef9-981e-668bebd6c223,1d6db750-4a0a-4ebf-b45a-81583166cff5,1,2025-11-09 11:21:49.955+00,1,https://www.reddit.com/r/iphone/comments/179xbjj/iphones_are_in_fact_better_value_in_the_long_run/,2025-11-09 11:21:50.075327+00,84.15.183.238,desktop
a9ab0495-4cc7-4995-be21-1f3b1955da3d,d8c2af8e-4b5d-47b9-a1c2-e4878fa9837f,1,2025-11-10 10:24:29.489+00,4,https://www.amazon.com/smartphone/s?k=smartphone,2025-11-10 10:24:29.608987+00,5.25.2.96,desktop
ad226ab5-20c6-4464-91db-d268149c4ee4,726437e8-d65d-49c9-91e5-0920a3204523,1,2025-11-16 16:32:21.268+00,2,https://www.refurbed.de/,2025-11-16 16:32:21.385843+00,176.7.4.133,desktop
ad513125-0197-4926-b61e-365fff0f625f,119b782a-024b-4ec5-b712-6206129cdbec,1,2025-10-25 09:44:34.208+00,5,https://www.bestbuy.com/site/electronics/mobile-cell-phones/abcat0800000.c?id=abcat0800000,2025-10-25 09:44:34.298977+00,78.175.54.8,mobile
b04b80bb-a731-478c-af53-57a90f2a108d,e6a36d1a-fd99-43b0-a005-7cff7432ccd2,1,2025-10-31 09:27:03.218+00,1,https://www.fnac.com/Tous-les-telephones-portables-et-smartphones/Tous-les-telephones/nsh130385/w-4,2025-10-31 09:27:03.319562+00,86.202.112.51,desktop
b08f48a1-9452-4f00-9dfa-173e1f44817a,60b9e81d-e1ae-46e9-9993-55a6e274c413,3,2025-10-26 13:42:26.991+00,5,https://eu.community.samsung.com/t5/galaxy-z-fold-z-flip/ongoing-issues-with-samsung-flip-phone-request-for-refund-or/td-p/10629124,2025-10-26 13:42:27.102794+00,109.192.255.38,mobile
b0c44252-d5a3-404b-b7ad-648195c66a76,6ca70e54-ecff-4a03-8aea-6e7f438a14bc,2,2025-11-01 18:37:13.952+00,1,https://www.samsung.com/levant/smartphones/galaxy-s24-ultra/,2025-11-01 18:37:14.034372+00,94.31.71.164,mobile
b1797920-e0d7-4edf-a28b-dee5b1752429,9cdc7379-6a12-4a6b-9ed1-7bfebd65162c,2,2025-11-10 13:23:00.24+00,4,https://www.backmarket.com/en-us/l/smartphone-under-200-dollars/f63e4396-0a31-48c5-8561-fc9e352369ec,2025-11-10 13:23:00.380276+00,130.159.237.31,desktop
b2f98275-8ec9-455d-a6fc-5ad328d8e00b,04aa2261-185f-4beb-bb95-ec0993cb08bf,1,2025-11-13 10:26:14.31+00,1,https://www.samsung.com/us/smartphones/galaxy-s25/,2025-11-13 10:26:14.374796+00,195.176.44.46,desktop
b35a6f50-b31f-4cb9-a7bc-832a92a1068c,dbeb9d48-5a6d-4cf8-bc40-3f99defd3403,1,2025-10-29 09:52:39.425+00,1,https://www.apple.com/iphone/,2025-10-29 09:52:39.54482+00,37.159.107.233,mobile
b449b3ff-64d9-4a30-a1e4-2007effb3363,c060afc8-8db2-4569-9939-c5891c0a443a,1,2025-10-24 17:09:38.238+00,1,https://www.apple.com/de/iphone/,2025-10-24 17:09:38.32993+00,2a00:1370:8180:f390:10f5:bcf9:8f0:be3f,mobile
b47bc231-9195-4b56-99c9-989916339a79,8f8763e1-a64e-491d-8321-ecf05f0237a5,1,2025-10-29 10:22:16.522+00,5,https://www.wired.com/story/best-cheap-phones/,2025-10-29 10:22:16.782214+00,65.61.74.174,desktop
b5605709-69f2-432d-b8d0-56551a6ad8a9,8994a003-03db-43ac-81f5-6b8cfedb13fe,2,2025-11-09 15:14:35.835+00,3,https://www.samsung.com/us/smartphones/galaxy-s25/buy/galaxy-s25-plus-512gb-unlocked-sku-sm-s936udbexaa/,2025-11-09 15:14:35.978714+00,77.38.136.74,desktop
b952d2da-6fde-497f-9d51-e526389d2d0b,91cad207-28bc-4981-80f1-ad74d89fe0a7,1,2025-10-26 13:43:25.724+00,6,https://www.pcmag.com/reviews/samsung-galaxy-z-flip-7,2025-10-26 13:43:25.901451+00,109.192.255.38,mobile
bc5f3b7e-977e-45ac-b248-7034ae8b5ad1,21adb171-f4b2-4ec0-acbc-eba24e6fefbb,2,2025-11-11 05:12:23.338+00,1,https://www.amazon.com/Apple-iPhone-Version-256GB-Titanium/dp/B0DHJ8MZP2,2025-11-11 05:12:23.671002+00,66.90.98.10,desktop
bfaa33e2-215d-47e5-83a3-9b3e8ba63e0e,16e0a533-6238-4d49-97f6-8986d2f36969,1,2025-11-09 11:24:11.399+00,1,https://www.apple.com/iphone/,2025-11-09 11:24:11.499194+00,84.15.183.238,desktop
c0a6113a-e324-460d-b6cc-3446531a3a99,182b280d-8bc5-4cd2-9c99-3ba8909bfa2f,1,2025-10-29 09:54:20.407+00,1,https://www.apple.com/shop/buy-iphone/iphone-16,2025-10-29 09:54:20.548752+00,37.159.107.233,mobile
c2b201fa-2fb0-4648-ac45-6d5fd301c784,c6172080-a5c1-4723-8e52-4f727293af9b,1,2025-11-09 04:59:59.433+00,1,https://www.samsung.com/us/,2025-11-09 04:59:59.530712+00,46.135.59.69,desktop
c32d0efa-0bb3-4685-9de1-ebdbd7311047,f08da0d7-f7fc-45a3-869e-c02178c36280,1,2025-11-10 03:26:35.912+00,1,https://www.bestbuy.com/site/electronics/mobile-cell-phones/abcat0800000.c?id=abcat0800000,2025-11-10 03:26:36.304999+00,108.2.105.241,desktop
c5a65f2d-dadd-437a-a3e5-45906bc58136,01dfe28b-a6a7-4b30-8a13-43e10bd5d085,1,2025-11-13 10:26:35.221+00,1,https://www.apple.com/iphone/,2025-11-13 10:26:35.29647+00,195.176.44.46,desktop
c9426699-255e-4321-8b6e-c1e57340fd43,8355b34b-1bc2-4de9-9fcb-4725dd6025e4,3,2025-10-23 18:33:40.847+00,2,https://www.apple.com/iphone/,2025-10-23 18:33:40.950703+00,91.38.175.119,mobile
d0b7a6ed-e51c-40ac-84ef-cc51567ffcd8,a1d3f31c-c600-4435-8eda-e6624b895d84,1,2025-10-24 19:20:13.557+00,2,https://www.bestbuy.com/site/iphone/shop-iphone-16-models/pcmcat1725981758432.c?id=pcmcat1725981758432,2025-10-24 19:20:13.672121+00,46.128.11.182,mobile
d13fbe74-7a3e-406e-aaa3-5ec8aa17bb22,a761eba6-1f79-406e-9f31-24439fd59744,3,2025-11-13 10:22:38.978+00,2,https://www.pcmag.com/picks/the-best-phones,2025-11-13 10:22:39.057855+00,195.176.44.46,desktop
d5071091-1bd0-4b50-86de-d492ce09b170,a761eba6-1f79-406e-9f31-24439fd59744,1,2025-11-13 10:22:13.55+00,1,https://www.reddit.com/r/Smartphones/comments/1lrsvyg/what_phone_is_everyone_using_in_2025_and_what/,2025-11-13 10:22:13.686478+00,195.176.44.46,desktop
dd10c3a5-43f0-4c12-bf15-528945fa5e4a,543c1875-c79b-4b6b-9235-8b72ad1a2c6b,1,2025-10-24 11:56:43.93+00,1,https://www.mediamarkt.es/es/brand/apple/iphone/iphone-14,2025-10-24 11:56:44.010049+00,153.92.90.3,desktop
df223d0b-f566-46bf-b8ae-7a8dccffddec,253e9788-83d1-4b23-802d-cdbc81058ea7,1,2025-11-09 08:17:35.78+00,4,https://www.refurbed.ie/p/iphone-14-pro/,2025-11-09 08:17:35.90722+00,188.149.227.124,desktop
e34a235f-f4e7-422c-b503-b1bae996c844,342f52aa-e95e-48b5-ba32-973c66d578fb,1,2025-11-10 15:24:22.522+00,1,https://www.amazon.com/iphone/s?k=iphone,2025-11-10 15:24:22.64773+00,5.42.207.10,mobile
e7f7215b-a9c4-421f-bbad-df63e1106093,726437e8-d65d-49c9-91e5-0920a3204523,2,2025-11-16 16:37:46.12+00,2,https://www.refurbed.de/,2025-11-16 16:37:46.620807+00,176.7.4.133,desktop
eb328977-ec22-4f8a-b063-fad4f16a5820,60b9e81d-e1ae-46e9-9993-55a6e274c413,2,2025-10-26 13:41:54.428+00,2,https://www.reddit.com/r/Android/comments/1ek6yw1/samsung_galaxy_z_flip_6_review_the_practical_flip/,2025-10-26 13:41:54.521396+00,109.192.255.38,mobile
ebb445e3-06a6-4c87-9d0e-e46e22d0ef2f,88309af9-9ed1-4dcb-90bd-2cfb547586d5,3,2025-10-26 15:31:32.27+00,5,https://www.amazon.de/-/en/SAMSUNG-Galaxy-S24-smartphone-Black/dp/B0CSTC2RDW,2025-10-26 15:31:32.457468+00,84.176.238.16,mobile
ebfe224d-f04c-4612-bc31-f8453ce50751,3def15ce-0dad-4b6e-b35d-ec0b6878525a,2,2025-10-31 22:13:20.837+00,4,https://www.yankodesign.com/2023/07/04/top-10-sustainable-and-eco-friendly-smartphones/,2025-10-31 22:13:21.063227+00,129.67.117.187,desktop
ee2035bf-c410-4cc8-a629-0192365b77cd,3414426d-5c98-44f0-838e-8827c47f7983,1,2025-10-24 14:14:05.525+00,2,https://www.notebookcheck.net/Ranking-Best-smartphones-for-under-300-dollars-euros.138973.0.html,2025-10-24 14:14:05.605009+00,213.146.69.174,desktop
ef731213-6912-4504-b593-5eb49b4c6676,d4f6a909-b664-4a22-8650-c9f5c49641a2,1,2025-10-24 09:02:24.785+00,1,https://www.apple.com/iphone/,2025-10-24 09:02:25.302937+00,104.30.161.158,desktop
f095fa47-e390-4687-92c8-45452297907c,f546a2b3-ff52-4153-bf73-ff98b8f9f3bb,1,2025-10-29 09:39:08.813+00,2,https://www.apple.com/shop/buy-iphone/iphone-16,2025-10-29 09:39:08.928465+00,194.230.145.132,mobile
f3efd686-4505-4d6e-bcbb-9390dddbd45a,d42ba008-c35b-41ce-a09b-eeadc8370c42,2,2025-10-29 09:55:58.072+00,3,"https://www.apple.com/iphone/compare/?modelList=iphone-15-pro-max,iphone-15-plus",2025-10-29 09:55:58.193194+00,172.225.188.246,mobile
f4622b63-8108-48fb-8285-1a7cadfca81a,5da18149-5ca2-4bdb-8848-ad40536b6a44,1,2025-11-10 10:29:01.759+00,3,https://www.hemfrance.com/en/new-mobiles-and-smartphones/11237-xiaomi-mi-11t-5g-dual-sim-667-128-gb-8-gb-ram-gray,2025-11-10 10:29:01.846629+00,194.219.171.2,desktop
f4f25fff-6860-406b-bceb-348caa2db75e,1c7ae4d9-f3ec-4ff5-8953-93a69717b697,1,2025-10-31 09:30:38.168+00,2,https://www.boulanger.com/c/smartphone-telephone-portable/_etat_produit~reconditionne9/brand~samsung,2025-10-31 09:30:38.266716+00,86.202.112.51,desktop
f8c7441f-e947-43f2-ae31-d7f95d00d0df,a761eba6-1f79-406e-9f31-24439fd59744,8,2025-11-13 10:25:07.612+00,7,https://www.stuff.tv/features/best-phone/,2025-11-13 10:25:07.681906+00,195.176.44.46,desktop
f9c3e22d-2faf-4443-bab5-4ee263d37337,51936720-186e-4eb2-a1c1-e8f874392f83,1,2025-11-09 09:57:47.328+00,1,https://play.google.com/store/apps/details?id=com.google.android.dialer&hl=en_US,2025-11-09 09:57:48.206387+00,49.228.198.178,desktop
fa7d89ad-3850-46ba-a6a5-f74d5d640e8f,ae59a13c-2c50-4bf8-80e4-e978b7d0f68c,1,2025-11-09 14:37:47.743+00,1,https://chatgpt.com/,2025-11-09 14:37:47.810553+00,82.151.171.206,desktop
fdc9486a-3dba-413b-9b09-45e468257129,c878b1b9-cf2f-4b8e-85d1-52ac9e10f9f6,2,2025-10-25 18:16:28.492+00,2,https://www.apple.com/iphone/compare/,2025-10-25 18:16:28.615736+00,46.128.86.15,mobile
fee46101-98c0-4533-babb-4226a317e401,01dfe28b-a6a7-4b30-8a13-43e10bd5d085,4,2025-11-13 10:28:07.456+00,5,https://support.apple.com/en-us/111831,2025-11-13 10:28:07.551099+00,195.176.44.46,desktop